{
    "epoch": [
        1,
        2,
        3,
        4,
        5,
        6,
        7,
        8,
        9,
        10,
        11,
        12,
        13,
        14,
        15,
        16,
        17,
        18,
        19,
        20,
        21,
        22,
        23,
        24,
        25,
        26,
        27,
        28,
        29,
        30,
        31,
        32,
        33,
        34,
        35,
        36,
        37,
        38,
        39,
        40,
        41,
        42,
        43,
        44,
        45,
        46,
        47,
        48,
        49,
        50,
        51,
        52,
        53,
        54,
        55,
        56,
        57,
        58,
        59,
        60,
        61,
        62,
        63,
        64,
        65,
        66,
        67,
        68,
        69,
        70,
        71,
        72,
        73,
        74,
        75,
        76,
        77,
        78,
        79,
        80
    ],
    "train_loss": [
        1.992777282319558,
        1.2234884798497463,
        1.0380815493365783,
        0.9484909126323906,
        0.9155070437172436,
        0.8935694625565828,
        0.8749414113760408,
        0.8375954962486016,
        0.8255433809105939,
        0.8179656237344655,
        0.8460808171330381,
        0.8297389096878449,
        0.7927642631371143,
        0.7650552649367336,
        0.7874356213854837,
        0.7648083527517558,
        0.7430847307571266,
        0.7186546198832555,
        0.7022453868229451,
        0.7279478737967376,
        0.7233543338371139,
        0.7022275073223117,
        0.6816775533489767,
        0.6969850504683406,
        0.6797739297241804,
        0.6798282961072954,
        0.6931424975650925,
        0.6503997718704831,
        0.677860591613518,
        0.626719774322568,
        0.6328245408783993,
        0.6338245918247448,
        0.6152825595497005,
        0.6013342371876396,
        0.6147813829662894,
        0.582717315613095,
        0.5984305625232194,
        0.5868621979307603,
        0.5944834049580102,
        0.5768671252913683,
        0.5413179615666657,
        0.539413607827198,
        0.5530350573813761,
        0.5361272251231964,
        0.5179400601573865,
        0.5181085342650021,
        0.5092040340527805,
        0.5237984226332406,
        0.48085008070460217,
        0.4797104914934347,
        0.488746906235631,
        0.4662245099984486,
        0.4727505982203353,
        0.4710133666982367,
        0.43228023034891944,
        0.4511429667104821,
        0.43256538977790737,
        0.41771736618181343,
        0.41352069695676263,
        0.3885903725665085,
        0.3776854341236368,
        0.3821905537223101,
        0.38142886629295975,
        0.3809068698041528,
        0.3907255530448362,
        0.3677452712595969,
        0.34959461660999586,
        0.3419512391004921,
        0.3392975656478526,
        0.316975762293645,
        0.3076352709296982,
        0.31812696675794594,
        0.28554690314082304,
        0.3255940267104937,
        0.3094658603839993,
        0.32640927104386847,
        0.27705835220606817,
        0.3180481309983653,
        0.27334447068581275,
        0.2727406610702602
    ],
    "train_acc": [
        0.3295644479402222,
        0.5254153967161538,
        0.5754596401533772,
        0.6010225149936093,
        0.6131157211680267,
        0.616851833644676,
        0.6274702585783108,
        0.6325828335463572,
        0.6381870022613312,
        0.6431029397306066,
        0.6375970897650182,
        0.641038245993511,
        0.6469373709566414,
        0.6620784583620096,
        0.6498869334382067,
        0.6619801396126241,
        0.6649297020941893,
        0.6736800707894995,
        0.6808573394946417,
        0.6701405958116213,
        0.6805623832464851,
        0.6809556582440272,
        0.691574083177662,
        0.67957919575263,
        0.6828237144823518,
        0.6905908956838069,
        0.6840035394749778,
        0.7006194081211287,
        0.6882312456985548,
        0.7055353455904041,
        0.7076000393274997,
        0.7011110018680562,
        0.7059286205879461,
        0.7147773080326418,
        0.7122210205486186,
        0.7274604267033723,
        0.7214629829908563,
        0.7194966080031462,
        0.7157604955264969,
        0.7265755579589027,
        0.7374889391406941,
        0.7407334578704159,
        0.7391603578802478,
        0.7396519516271753,
        0.748697276570642,
        0.7485989578212565,
        0.753514895290532,
        0.7455510765903057,
        0.7592173827548914,
        0.7658047389637204,
        0.7567594140202537,
        0.768262707698358,
        0.7648215514698653,
        0.7700324451872972,
        0.7810441451184741,
        0.7761282076491987,
        0.780060957624619,
        0.7909743388064104,
        0.7898928325631698,
        0.8008062137449612,
        0.804640644970996,
        0.8030675449808279,
        0.8063120637105496,
        0.8083767574476453,
        0.7978566512633959,
        0.8074918887031757,
        0.817815357388654,
        0.8201750073739063,
        0.8272539573296628,
        0.8353160947792744,
        0.8407236259954773,
        0.8374791072657556,
        0.8506538196834136,
        0.8328581260446367,
        0.8402320322485498,
        0.8361026447743585,
        0.85576639465146,
        0.8341362697866483,
        0.8500639071871006,
        0.8582243633860978
    ],
    "val_acc": [
        0.5437026841018582,
        0.5326909841706814,
        0.5911906400550585,
        0.5946317962835512,
        0.6125258086717137,
        0.6104611149346181,
        0.6214728148657949,
        0.6132140399174123,
        0.635237439779766,
        0.6269786648313833,
        0.6317962835512733,
        0.5794907088781831,
        0.6655196145905025,
        0.6256022023399862,
        0.64762560220234,
        0.6462491397109429,
        0.6373021335168617,
        0.6407432897453544,
        0.6813489332415692,
        0.6703372333103923,
        0.6490020646937371,
        0.653819683413627,
        0.6586373021335169,
        0.6496902959394356,
        0.6379903647625602,
        0.6407432897453544,
        0.6249139710942877,
        0.6792842395044735,
        0.6868547832071576,
        0.6889194769442533,
        0.6916724019270475,
        0.6524432209222298,
        0.6827253957329663,
        0.6847900894700619,
        0.6834136269786648,
        0.6841018582243634,
        0.673778389538885,
        0.692360633172746,
        0.6847900894700619,
        0.692360633172746,
        0.7033723331039229,
        0.690984170681349,
        0.6875430144528561,
        0.692360633172746,
        0.7192016517549896,
        0.7081899518238128,
        0.7130075705437027,
        0.6971782518926359,
        0.6847900894700619,
        0.7136958017894013,
        0.6896077081899519,
        0.6655196145905025,
        0.7026841018582244,
        0.70956641431521,
        0.6978664831383344,
        0.7143840330350998,
        0.7309015829318651,
        0.7136958017894013,
        0.7157604955264969,
        0.7054370268410186,
        0.6964900206469373,
        0.7192016517549896,
        0.6916724019270475,
        0.7109428768066071,
        0.692360633172746,
        0.7198898830006882,
        0.6889194769442533,
        0.7068134893324157,
        0.723331039229181,
        0.7026841018582244,
        0.7109428768066071,
        0.6992429456297315,
        0.7075017205781142,
        0.698554714384033,
        0.6620784583620096,
        0.7033723331039229,
        0.6944253269098417,
        0.70956641431521,
        0.7136958017894013,
        0.7013076393668273
    ],