{"mean": -55.975612227106474, "std": 18.55726476893056}